SEX,WIC,cases,births,prev_per_10k
F,N,700,1194397,5.860697908651813
F,U,24,20985,11.43674052894925
F,Y,382,564185,6.770828717530597
M,N,942,1250359,7.533836282219746
M,U,21,22321,9.408180637068233
M,Y,466,586189,7.949654462980369
